zi_gong_yin_hang.png,https://fastcdn.mihoyo.com/static-resource-v2/2024/12/19/18dcfa58089ce6e2a28832fb8c3698db_5548680706323115492.png,,2024/12/19 16:02
zhu_hai_hua_run_yin_hang.png,https://fastcdn.mihoyo.com/static-resource-v2/2024/12/19/cfd3805adda8f04c714790151d8f2a7f_7205248798799075615.png,,2024/12/19 16:02
zhong_yuan_yin_hang.png,https://fastcdn.mihoyo.com/static-resource-v2/2024/12/19/c66ba9f20282ad450057d9537364f8b0_2531461114893729588.png,,2024/12/19 16:02
zhong_xin_yin_hang.png,https://fastcdn.mihoyo.com/static-resource-v2/2024/12/19/fde28f33d13d5879c625e1da7ce0aee4_4548452578383751001.png,,2024/12/19 16:02
zhong_qing_yin_hang.png,https://fastcdn.mihoyo.com/static-resource-v2/2024/12/19/a736e81db5bf405763028e8eddd4af4b_2012044588616187831.png,,2024/12/19 16:02
zhong_guo_you_zheng_chu_xu_yin_hang.png,https://fastcdn.mihoyo.com/static-resource-v2/2024/12/19/92d00084ffd2ecf74daba5eebbd1b95a_7569614399602526643.png,,2024/12/19 16:02
zhong_guo_yin_hang.png,https://fastcdn.mihoyo.com/static-resource-v2/2024/12/19/91724700113027beecb0336287176ee7_8954970100296459417.png,,2024/12/19 16:02
zhong_guo_nong_ye_yin_hang.png,https://fastcdn.mihoyo.com/static-resource-v2/2024/12/19/a5f8808d09452bcd93d997133f51b658_2165929044510467099.png,,2024/12/19 16:02
zhong_guo_min_sheng_yin_hang.png,https://fastcdn.mihoyo.com/static-resource-v2/2024/12/19/eb4e27b3f29c1b6f478259bb2ba5aa57_2546053421970806431.png,,2024/12/19 16:02
zhong_guo_guang_da_yin_hang.png,https://fastcdn.mihoyo.com/static-resource-v2/2024/12/19/974a181dbe21b620feb8a5f03e4cb8d2_1083516496907753219.png,,2024/12/19 16:02
zhong_guo_gong_shang_yin_hang.png,https://fastcdn.mihoyo.com/static-resource-v2/2024/12/19/763427e42e71975f6e90ccbc4cb0021b_7006275933673246115.png,,2024/12/19 16:02
zheng_zhou_yin_hang.png,https://fastcdn.mihoyo.com/static-resource-v2/2024/12/19/c73a78b83c2d87f18a416c1c666dccef_1371517667574747840.png,,2024/12/19 16:02
zhe_shang_yin_hang.png,https://fastcdn.mihoyo.com/static-resource-v2/2024/12/19/9d7e7dde65d44bb20251822defaada42_4598684739038555936.png,,2024/12/19 16:02
zhe_jiang_tai_long_shang_ye_yin_hang.png,https://fastcdn.mihoyo.com/static-resource-v2/2024/12/19/ab24cb8c61408159e12ffb40e0cb45b8_3022613901232945124.png,,2024/12/19 16:02
zhe_jiang_min_tai_shang_ye_yin_hang.png,https://fastcdn.mihoyo.com/static-resource-v2/2024/12/19/7c99c61b864c162faf1b5cebc1d447f7_7325395997666519686.png,,2024/12/19 16:02
zhe_jiang_chou_zhou_shang_ye_yin_hang.png,https://fastcdn.mihoyo.com/static-resource-v2/2024/12/19/011656e2d5f07765edd15e58787eff5d_7570759287559898338.png,,2024/12/19 16:02
zhao_shang_yin_hang.png,https://fastcdn.mihoyo.com/static-resource-v2/2024/12/19/f6080ecf9ecfca99e07113978c9988ca_787889864217659108.png,,2024/12/19 16:02
zhang_zhi_yin_hang.png,https://fastcdn.mihoyo.com/static-resource-v2/2024/12/19/2cf97f5cc431caa6eee93de6ce5ac126_1814595051193416308.png,,2024/12/19 16:02
zhang_sha_yin_hang.png,https://fastcdn.mihoyo.com/static-resource-v2/2024/12/19/27ea10b0febc459784b2acfb48b2544f_7545931334764139922.png,,2024/12/19 16:02
zhang_jia_kou_yin_hang.png,https://fastcdn.mihoyo.com/static-resource-v2/2024/12/19/85efe509790c43ae7c80af8cfb62cf68_5598525733466278890.png,,2024/12/19 16:02
zhang_cheng_hua_xi_yin_hang.png,https://fastcdn.mihoyo.com/static-resource-v2/2024/12/19/4076089ef0f0da996a08e3fa9898e6ac_7704012176689000849.png,,2024/12/19 16:02
zhang_an_yin_hang.png,https://fastcdn.mihoyo.com/static-resource-v2/2024/12/19/42949ee8d1f3d17965501e5130bf679f_9001741748210485042.png,,2024/12/19 16:02
zao_zhuang_yin_hang.png,https://fastcdn.mihoyo.com/static-resource-v2/2024/12/19/4ed7deae5db2f49980371efe108dfbfd_5252815566122555817.png,,2024/12/19 16:02
yun_nan_hong_ta_yin_hang.png,https://fastcdn.mihoyo.com/static-resource-v2/2024/12/19/8c8b45b4fa3ea3295c3a0410a0efda07_3125364141120054581.png,,2024/12/19 16:02
ying_kou_yin_hang.png,https://fastcdn.mihoyo.com/static-resource-v2/2024/12/19/4381a276f241562d339061b7d8e4890d_2074685061792933799.png,,2024/12/19 16:02
ying_kou_yan_hai_yin_hang.png,https://fastcdn.mihoyo.com/static-resource-v2/2024/12/19/59192b571069c35c8e46fe17653184c4_7629449206455558590.png,,2024/12/19 16:02
yi_bin_shi_shang_ye_yin_hang.png,https://fastcdn.mihoyo.com/static-resource-v2/2024/12/19/9d2b15ef5fd3385a05083358d0c651fb_7500286793550126239.png,,2024/12/19 16:02
yang_quan_shi_shang_ye_yin_hang.png,https://fastcdn.mihoyo.com/static-resource-v2/2024/12/19/2faeb251710b48d9668ea0c841c2bfa3_4668125747369538300.png,,2024/12/19 16:02
yan_tai_yin_hang.png,https://fastcdn.mihoyo.com/static-resource-v2/2024/12/19/6767daeaaf7553bbc466f01e36039a61_9191237978294946359.png,,2024/12/19 16:02
ya_an_shi_shang_ye_yin_hang.png,https://fastcdn.mihoyo.com/static-resource-v2/2024/12/19/b77afb59d43d3ee2d43e7f79f3cef5b5_1219332528598512250.png,,2024/12/19 16:02
xing_ye_yin_hang.png,https://fastcdn.mihoyo.com/static-resource-v2/2024/12/19/17267152857482e8fa969e1ecc14dafb_7640126746776397794.png,,2024/12/19 16:02
xing_tai_yin_hang.png,https://fastcdn.mihoyo.com/static-resource-v2/2024/12/19/932cd02015a406270ded4c0ca817b689_1080977455129962012.png,,2024/12/19 16:02
xin_jiang_yin_hang.png,https://fastcdn.mihoyo.com/static-resource-v2/2024/12/19/8827bdc8cabcad9bbaf5e5b554bf827d_2942889773533374541.png,,2024/12/19 16:02
xin_jiang_hui_he_yin_hang.png,https://fastcdn.mihoyo.com/static-resource-v2/2024/12/19/bda66a0fa11f0bdd5697e89feaf5eb0f_33746317556789244.png,,2024/12/19 16:02
xi_cang_yin_hang.png,https://fastcdn.mihoyo.com/static-resource-v2/2024/12/19/02efea28deacb9d3e1c41e62743df54b_9011730575559129635.png,,2024/12/19 16:02
xi_an_yin_hang.png,https://fastcdn.mihoyo.com/static-resource-v2/2024/12/19/1f4d72096b95e215418f1a8e036a6954_8754497934180689829.png,,2024/12/19 16:02
wu_lu_mu_qi_yin_hang.png,https://fastcdn.mihoyo.com/static-resource-v2/2024/12/19/5d3e9ba13d15fe248d3d76205beaf992_420102372647086149.png,,2024/12/19 16:02
wu_hai_yin_hang.png,https://fastcdn.mihoyo.com/static-resource-v2/2024/12/19/e536e41a563e62536e027da0e0c47354_4725556488716392874.png,,2024/12/19 16:02
wen_zhou_yin_hang.png,https://fastcdn.mihoyo.com/static-resource-v2/2024/12/19/f1873617f983e807b484ff887c389a8a_6857562598091978050.png,,2024/12/19 16:02
wei_hai_shi_shang_ye_yin_hang.png,https://fastcdn.mihoyo.com/static-resource-v2/2024/12/19/c71c0f7f10520048637bfc1e91a89e49_5013009438859913766.png,,2024/12/19 16:02
wei_fang_yin_hang.png,https://fastcdn.mihoyo.com/static-resource-v2/2024/12/19/492e49698f46ae389aa5323973ba13ba_4193411322227467433.png,,2024/12/19 16:02
tie_ling_yin_hang.png,https://fastcdn.mihoyo.com/static-resource-v2/2024/12/19/c3a345bfbe5c1c9c5b0b8957a08e6906_6665651353500451088.png,,2024/12/19 16:02
tian_jin_yin_hang.png,https://fastcdn.mihoyo.com/static-resource-v2/2024/12/19/4ccb8155296825947849252cc18e328a_3394162895855553953.png,,2024/12/19 16:02
tang_shan_yin_hang.png,https://fastcdn.mihoyo.com/static-resource-v2/2024/12/19/65a2603c68a199a6f32fbd2acdb51d3c_5004698010510252485.png,,2024/12/19 16:02
tai_zhou_yin_hang.png,https://fastcdn.mihoyo.com/static-resource-v2/2024/12/19/e650450c48408036bc780d0e785d67c7_7567086241108970627.png,,2024/12/19 16:02
tai_an_yin_hang.png,https://fastcdn.mihoyo.com/static-resource-v2/2024/12/19/5540d953290f68d4a6ae9e870c3a9b03_3294780972162238853.png,,2024/12/19 16:02
sui_ning_yin_hang.png,https://fastcdn.mihoyo.com/static-resource-v2/2024/12/19/d499c411d11567f21ab76e28f9a70f48_7388506814251852907.png,,2024/12/19 16:02
su_zhou_yin_hang.png,https://fastcdn.mihoyo.com/static-resource-v2/2024/12/19/f59c7c99a4c1407af60301076cd1ac36_2015498423772138945.png,,2024/12/19 16:02
si_chuan_yin_hang.png,https://fastcdn.mihoyo.com/static-resource-v2/2024/12/19/0ad71c5e77d40410b96f1d4875f7d57e_1340137734713972217.png,,2024/12/19 16:02
si_chuan_tian_fu_yin_hang.png,https://fastcdn.mihoyo.com/static-resource-v2/2024/12/19/e03d28569b8552c22e7174c7cc543f5c_2489332212677835949.png,,2024/12/19 16:02
shi_zui_shan_yin_hang.png,https://fastcdn.mihoyo.com/static-resource-v2/2024/12/19/70087b5a72044295db8765ba00e80020_5278128870670724341.png,,2024/12/19 16:02
sheng_jing_yin_hang.png,https://fastcdn.mihoyo.com/static-resource-v2/2024/12/19/737c399661b321850a8c740cca1acc5b_8616502204795810053.png,,2024/12/19 16:02
shao_xing_yin_hang.png,https://fastcdn.mihoyo.com/static-resource-v2/2024/12/19/c6e103bd96c9f171f26ecd510f578d4e_6533284154677023302.png,,2024/12/19 16:02
shang_rao_yin_hang.png,https://fastcdn.mihoyo.com/static-resource-v2/2024/12/19/a887867c143aa6c924d2e821d8ac14f1_3569004513199349652.png,,2024/12/19 16:02
shang_hai_yin_hang.png,https://fastcdn.mihoyo.com/static-resource-v2/2024/12/19/1a1199aaad0194f0ce4094e8b232fe0c_7504168330288390701.png,,2024/12/19 16:02
shang_hai_pu_dong_fa_zhan_yin_hang.png,https://fastcdn.mihoyo.com/static-resource-v2/2024/12/19/ff98435aae5a15e3184f609bf8b22066_5805490574825978221.png,,2024/12/19 16:02
sha_men_yin_hang.png,https://fastcdn.mihoyo.com/static-resource-v2/2024/12/19/2c66a851723b098a656a4db67b9e6e6e_7294927235442549905.png,,2024/12/19 16:02
sha_men_guo_ji_yin_hang.png,https://fastcdn.mihoyo.com/static-resource-v2/2024/12/19/9e834a932acedec16c2a9843d27d6431_644298877474606204.png,,2024/12/19 16:02
ri_zhao_yin_hang.png,https://fastcdn.mihoyo.com/static-resource-v2/2024/12/19/116cadfd19231e0c1b3d055a22550fe3_3784937146163555521.png,,2024/12/19 16:02
quan_zhou_yin_hang.png,https://fastcdn.mihoyo.com/static-resource-v2/2024/12/19/f5e9554a39f27e241ad9f6b8f2a50af6_3110157021890537818.png,,2024/12/19 16:02
qu_jing_shi_shang_ye_yin_hang.png,https://fastcdn.mihoyo.com/static-resource-v2/2024/12/19/e3c11a0168d8215f57010ff170de77bb_1286014228278972550.png,,2024/12/19 16:02
qing_hai_yin_hang.png,https://fastcdn.mihoyo.com/static-resource-v2/2024/12/19/74a213fc67a4da68745556434c49f203_265295307908393807.png,,2024/12/19 16:02
qing_dao_yin_hang.png,https://fastcdn.mihoyo.com/static-resource-v2/2024/12/19/b08138a24c189d88d6a665d87dbfb9f2_6270849413165376351.png,,2024/12/19 16:02
qin_huang_dao_yin_hang.png,https://fastcdn.mihoyo.com/static-resource-v2/2024/12/19/57c97a7297fb65895455380e506cdee8_5914349752625784151.png,,2024/12/19 16:02
qi_shang_yin_hang.png,https://fastcdn.mihoyo.com/static-resource-v2/2024/12/19/af378280ceb1f302c87097e305cb7fbb_1016199531005799364.png,,2024/12/19 16:02
qi_lu_yin_hang.png,https://fastcdn.mihoyo.com/static-resource-v2/2024/12/19/a61fd437ebaa933a454fe9baf1ae4dde_6744393097309683711.png,,2024/12/19 16:02
ping_ding_shan_yin_hang.png,https://fastcdn.mihoyo.com/static-resource-v2/2024/12/19/223222b0bf4bbff2944811582efbb7dd_2762361054244730114.png,,2024/12/19 16:02
ping_an_yin_hang.png,https://fastcdn.mihoyo.com/static-resource-v2/2024/12/19/e57d3ea915f695e9bda3df5d9ab75b0e_3071937797632339526.png,,2024/12/19 16:02
pan_jin_yin_hang.png,https://fastcdn.mihoyo.com/static-resource-v2/2024/12/19/639c911dc52c45fb85de85c2449d0fc2_4252859965918758891.png,,2024/12/19 16:02
ning_xia_yin_hang.png,https://fastcdn.mihoyo.com/static-resource-v2/2024/12/19/d949d1319edf2988fab1f641c3e1b3f5_652246731555641742.png,,2024/12/19 16:02
ning_bo_yin_hang.png,https://fastcdn.mihoyo.com/static-resource-v2/2024/12/19/83e78edf87359b0e58db262ba1d4d9db_5063445739479692980.png,,2024/12/19 16:02
ning_bo_tong_shang_yin_hang.png,https://fastcdn.mihoyo.com/static-resource-v2/2024/12/19/a9a057b211f882864ed97c8be7489854_3172091516068433980.png,,2024/12/19 16:02
ning_bo_dong_hai_yin_hang.png,https://fastcdn.mihoyo.com/static-resource-v2/2024/12/19/a3e198c01c98b4789ec7169b286e1ea5_4520491861792889832.png,,2024/12/19 16:02
nei_meng_gu_yin_hang.png,https://fastcdn.mihoyo.com/static-resource-v2/2024/12/19/f3053df20feacbb5dcad61e06478a414_1188593809719216494.png,,2024/12/19 16:02
nan_jing_yin_hang.png,https://fastcdn.mihoyo.com/static-resource-v2/2024/12/19/d81852736a547be10e75f8820e9c6703_7514771846981919557.png,,2024/12/19 16:02
mian_yang_shang_ye_yin_hang.png,https://fastcdn.mihoyo.com/static-resource-v2/2024/12/19/6dfbc648034a58f90f2d417886f81392_9021500160257869791.png,,2024/12/19 16:02
meng_shang_yin_hang.png,https://fastcdn.mihoyo.com/static-resource-v2/2024/12/19/8ab82602f2f5f54f78feb35d9cc9e651_5959587422987796288.png,,2024/12/19 16:02
luo_yang_yin_hang.png,https://fastcdn.mihoyo.com/static-resource-v2/2024/12/19/76c9e0631dc0d4d68de2bbaae79b0d22_1362378288324160026.png,,2024/12/19 16:02
lu_zhou_yin_hang.png,https://fastcdn.mihoyo.com/static-resource-v2/2024/12/19/6023096a9559af1e1e51bcf4e0575448_3293581273885307440.png,,2024/12/19 16:02
long_jiang_yin_hang.png,https://fastcdn.mihoyo.com/static-resource-v2/2024/12/19/9abaeec7da8139a0c19d74df245450ef_1946502728724899461.png,,2024/12/19 16:02
liu_zhou_yin_hang.png,https://fastcdn.mihoyo.com/static-resource-v2/2024/12/19/f683ecbbb39bbe629d9c900c87efb4fb_6762421699446870811.png,,2024/12/19 16:02
lin_shang_yin_hang.png,https://fastcdn.mihoyo.com/static-resource-v2/2024/12/19/1d762a864f90246fab3b9ee2c41f2f85_4151475180444208964.png,,2024/12/19 16:02
liao_yang_yin_hang.png,https://fastcdn.mihoyo.com/static-resource-v2/2024/12/19/65008a2a050e33f4e9d356a4c1bf3a6a_5680170570583407473.png,,2024/12/19 16:02
le_shan_shi_shang_ye_yin_hang.png,https://fastcdn.mihoyo.com/static-resource-v2/2024/12/19/7c70e78f36ed507b856f5934ff18b106_5410329308027676422.png,,2024/12/19 16:02
lang_fang_yin_hang.png,https://fastcdn.mihoyo.com/static-resource-v2/2024/12/19/95edf110d66bde9857ec6e09e4701c12_5283163967586506955.png,,2024/12/19 16:02
lan_zhou_yin_hang.png,https://fastcdn.mihoyo.com/static-resource-v2/2024/12/19/ebb2a5839cf02a88e0d4e71a3019df6e_2053881311018878130.png,,2024/12/19 16:02
lai_shang_yin_hang.png,https://fastcdn.mihoyo.com/static-resource-v2/2024/12/19/23f97e08d5dccaa23d1fc9d733d65de8_1119949298228615819.png,,2024/12/19 16:02
kun_lun_yin_hang.png,https://fastcdn.mihoyo.com/static-resource-v2/2024/12/19/16c23cedceb988d01a21e6ea07e74646_1865721645811041823.png,,2024/12/19 16:02
ku_er_lei_yin_hang.png,https://fastcdn.mihoyo.com/static-resource-v2/2024/12/19/dc819a4f55d26adec693af64b84c072a_6570573347290916119.png,,2024/12/19 16:02
jiu_jiang_yin_hang.png,https://fastcdn.mihoyo.com/static-resource-v2/2024/12/19/176e2202b8ac993a070d94bce43d106b_5320418630011301920.png,,2024/12/19 16:02
jin_zhou_yin_hang.png,https://fastcdn.mihoyo.com/static-resource-v2/2024/12/19/c275d4a6c12be0193bb3a98d7173d001_544717847433920324.png,,2024/12/19 16:02
jin_zhong_yin_hang.png,https://fastcdn.mihoyo.com/static-resource-v2/2024/12/19/35acf82a894452c7de7b9bb30391d59a_8607945877084997394.png,,2024/12/19 16:02
jin_shang_yin_hang.png,https://fastcdn.mihoyo.com/static-resource-v2/2024/12/19/1848e27e18b8fbd3c79a18cf97d4dbce_2577653204664545363.png,,2024/12/19 16:02
jin_hua_yin_hang.png,https://fastcdn.mihoyo.com/static-resource-v2/2024/12/19/1fb5c158bf8bf1b941b895e9751444d0_620695887787062219.png,,2024/12/19 16:02
jin_cheng_yin_hang.png,https://fastcdn.mihoyo.com/static-resource-v2/2024/12/19/b00c0586bdf2a1b92dac27baaaadd2bf_3151381360742514446.png,,2024/12/19 16:02
jiao_zuo_zhong_lv_yin_hang.png,https://fastcdn.mihoyo.com/static-resource-v2/2024/12/19/71841292b5c54bf1f0424d52fcbe9b86_7718846116086001010.png,,2024/12/19 16:02
jiao_tong_yin_hang.png,https://fastcdn.mihoyo.com/static-resource-v2/2024/12/19/d7b2baf1cd813fe73ccd07ee8af9d659_2452439383619261212.png,,2024/12/19 16:02
jiang_xi_yin_hang.png,https://fastcdn.mihoyo.com/static-resource-v2/2024/12/19/cd3fa61c6ccdd4add03f54fe4312ec23_6615086741006227600.png,,2024/12/19 16:02
jiang_su_zhang_jiang_shang_ye_yin_hang.png,https://fastcdn.mihoyo.com/static-resource-v2/2024/12/19/c2442f12a8cf898597b255b905e01ec2_3566978839687371059.png,,2024/12/19 16:02
jiang_su_yin_hang.png,https://fastcdn.mihoyo.com/static-resource-v2/2024/12/19/9297f1f5d9c5dae55b71eb19da300050_5357522809472371121.png,,2024/12/19 16:02
jian_she_yin_hang.png,https://fastcdn.mihoyo.com/static-resource-v2/2024/12/19/c4799218652dbd6e7a3a5881bc851edd_7241358229106059174.png,,2024/12/19 16:02
jia_xing_yin_hang.png,https://fastcdn.mihoyo.com/static-resource-v2/2024/12/19/3d31d859f5b49eaa60b3220a4d01cb17_668987270942048931.png,,2024/12/19 16:02
ji_ning_yin_hang.png,https://fastcdn.mihoyo.com/static-resource-v2/2024/12/19/f557cf03fd9673e3770f65222af611df_8580272128022291752.png,,2024/12/19 16:02
ji_lin_yin_hang.png,https://fastcdn.mihoyo.com/static-resource-v2/2024/12/19/dcee7dd3f49f0005e0cdcdbfdbc86a24_3118879758998368478.png,,2024/12/19 16:02
hui_shang_yin_hang.png,https://fastcdn.mihoyo.com/static-resource-v2/2024/12/19/004ae2554897b9b142332420f6ace35c_6533578450481030142.png,,2024/12/19 16:02
hua_xia_yin_hang.png,https://fastcdn.mihoyo.com/static-resource-v2/2024/12/19/9a955b3cf78a982dc7fdc8699bbb2812_8737188760531317597.png,,2024/12/19 16:02
hu_zhou_yin_hang.png,https://fastcdn.mihoyo.com/static-resource-v2/2024/12/19/07c84cf6491a92b7e06847f3f2e09965_442296807906599709.png,,2024/12/19 16:02
hu_nan_yin_hang.png,https://fastcdn.mihoyo.com/static-resource-v2/2024/12/19/c92303e803e4590df6db65ffd18174e2_5581721080181918636.png,,2024/12/19 16:02
hu_lu_dao_yin_hang.png,https://fastcdn.mihoyo.com/static-resource-v2/2024/12/19/bfe3b7f230f0d001194f075967ea675d_3749295435922692865.png,,2024/12/19 16:02
hu_bei_yin_hang.png,https://fastcdn.mihoyo.com/static-resource-v2/2024/12/19/639e2b2a8f4bbb9438b1cd592b61e348_1144407182686575919.png,,2024/12/19 16:02
heng_shui_yin_hang.png,https://fastcdn.mihoyo.com/static-resource-v2/2024/12/19/6b8e2d8f27914dcd8ccc4878ad0d342b_1138734012961254278.png,,2024/12/19 16:02
heng_feng_yin_hang.png,https://fastcdn.mihoyo.com/static-resource-v2/2024/12/19/8148812e58450ab7a1a4b5ea9d617991_2988077282222736232.png,,2024/12/19 16:02
he_bei_yin_hang.png,https://fastcdn.mihoyo.com/static-resource-v2/2024/12/19/f226e013210d2975852d1dc37d21d399_4269738796474999543.png,,2024/12/19 16:02
hang_zhou_yin_hang.png,https://fastcdn.mihoyo.com/static-resource-v2/2024/12/19/950b4627878b343c539b4ade7e788a50_9120912704307454899.png,,2024/12/19 16:02
han_kou_yin_hang.png,https://fastcdn.mihoyo.com/static-resource-v2/2024/12/19/19accdc823fd9f54ca33da0974385ac6_3222206483150133803.png,,2024/12/19 16:02
han_dan_yin_hang.png,https://fastcdn.mihoyo.com/static-resource-v2/2024/12/19/61b8ff206e1ffa2a3309a75b33dd589c_7341095154425914349.png,,2024/12/19 16:02
hai_nan_yin_hang.png,https://fastcdn.mihoyo.com/static-resource-v2/2024/12/19/7fd9d60f444e46da37ff47a51fc67656_4283966320051270288.png,,2024/12/19 16:02
ha_mi_shi_shang_ye_yin_hang.png,https://fastcdn.mihoyo.com/static-resource-v2/2024/12/19/00be76ce7099968860aeead24fecdffd_5653317346246611399.png,,2024/12/19 16:02
ha_er_bin_yin_hang.png,https://fastcdn.mihoyo.com/static-resource-v2/2024/12/19/18dde103912f25f4605421c8a42b046e_2643302215753566460.png,,2024/12/19 16:02
gui_zhou_yin_hang.png,https://fastcdn.mihoyo.com/static-resource-v2/2024/12/19/a3446bd7fbd1426c74c6e944d4c4788b_4681594641595396283.png,,2024/12/19 16:02
gui_yang_yin_hang.png,https://fastcdn.mihoyo.com/static-resource-v2/2024/12/19/a2245a9ac8d99c046d858f8e8d8bea80_3930691089890494981.png,,2024/12/19 16:02
gui_lin_yin_hang.png,https://fastcdn.mihoyo.com/static-resource-v2/2024/12/19/ed761303cd94e467a264a9e563f0cd8a_3302630823047490357.png,,2024/12/19 16:02
guang_zhou_yin_hang.png,https://fastcdn.mihoyo.com/static-resource-v2/2024/12/19/3d4ab7f3b82df8aa4d044f08ec59db31_8408021305346641446.png,,2024/12/19 16:02
guang_xi_bei_bu_wan_yin_hang.png,https://fastcdn.mihoyo.com/static-resource-v2/2024/12/19/954864ba341cef804d7c3ba62efc2bf7_624380055512728574.png,,2024/12/19 16:02
guang_fa_yin_hang.png,https://fastcdn.mihoyo.com/static-resource-v2/2024/12/19/044add528c84757d28fd5c7dc84a6250_7369962173234871117.png,,2024/12/19 16:02
guang_dong_nan_yue_yin_hang.png,https://fastcdn.mihoyo.com/static-resource-v2/2024/12/19/6b34338f35522709683665055617be94_448826932640034955.png,,2024/12/19 16:02
guang_dong_hua_xing_yin_hang.png,https://fastcdn.mihoyo.com/static-resource-v2/2024/12/19/d39d5de5b5974a280e7dfa10237157f8_7580672190162905846.png,,2024/12/19 16:02
gan_su_yin_hang.png,https://fastcdn.mihoyo.com/static-resource-v2/2024/12/19/d3bd1dbec73d7e3238e1ebbcfc6d4f74_8736537055353080897.png,,2024/12/19 16:02
fu_xin_yin_hang.png,https://fastcdn.mihoyo.com/static-resource-v2/2024/12/19/0aba477d905eed89842099a81a308feb_1125533431945607605.png,,2024/12/19 16:02
fu_shun_yin_hang.png,https://fastcdn.mihoyo.com/static-resource-v2/2024/12/19/76e35296a412ac0164c2dbe86d2eadad_4630470630771702025.png,,2024/12/19 16:02
fu_jian_hai_xia_yin_hang.png,https://fastcdn.mihoyo.com/static-resource-v2/2024/12/19/c7b3b8c161ad43c5d69bab4d0a198185_5041884477154994825.png,,2024/12/19 16:02
fu_dian_yin_hang.png,https://fastcdn.mihoyo.com/static-resource-v2/2024/12/19/f44a40bf340ea99f2db3ebeb0d3631b3_6055484676600791066.png,,2024/12/19 16:02
e_er_duo_si_yin_hang.png,https://fastcdn.mihoyo.com/static-resource-v2/2024/12/19/5fb7bc7facea29e70ed6cbf27e41b8a1_8686514288304179500.png,,2024/12/19 16:02
dong_ying_yin_hang.png,https://fastcdn.mihoyo.com/static-resource-v2/2024/12/19/8ca636aee0260f15a807e4f50bfc8138_5079596653782803339.png,,2024/12/19 16:02
dong_guan_yin_hang.png,https://fastcdn.mihoyo.com/static-resource-v2/2024/12/19/7b61f1f2b572656e263882251c0f0544_5049038740420480463.png,,2024/12/19 16:02
de_zhou_yin_hang.png,https://fastcdn.mihoyo.com/static-resource-v2/2024/12/19/257cfa3f1f777cb573aebcd6f25bcbc1_1414309895466106955.png,,2024/12/19 16:02
dan_dong_yin_hang.png,https://fastcdn.mihoyo.com/static-resource-v2/2024/12/19/e3d7196140570e49f631d8f97c2ed632_6494288222250136752.png,,2024/12/19 16:02
da_zhou_yin_hang.png,https://fastcdn.mihoyo.com/static-resource-v2/2024/12/19/d6b661e296067252868025a6225c0361_7864626172175087221.png,,2024/12/19 16:02
da_tong_yin_hang.png,https://fastcdn.mihoyo.com/static-resource-v2/2024/12/19/270275eca9f5f93e36627de6a80ccf82_4739121201365426115.png,,2024/12/19 16:02
da_lian_yin_hang.png,https://fastcdn.mihoyo.com/static-resource-v2/2024/12/19/5f55060a93345ebdf6d6fc3bc5250583_2524242634800310029.png,,2024/12/19 16:02
cheng_dou_yin_hang.png,https://fastcdn.mihoyo.com/static-resource-v2/2024/12/19/844798d5a5db8e1ada488480034649de_2776732787301276621.png,,2024/12/19 16:02
cheng_de_yin_hang.png,https://fastcdn.mihoyo.com/static-resource-v2/2024/12/19/dbfd4ffe8d045a55281f8ddb8b76fc9d_327769007276895743.png,,2024/12/19 16:02
chao_yang_yin_hang.png,https://fastcdn.mihoyo.com/static-resource-v2/2024/12/19/6b0c45d3e1105c4615b32fc0e48c048c_2966930682741430024.png,,2024/12/19 16:02
cang_zhou_yin_hang.png,https://fastcdn.mihoyo.com/static-resource-v2/2024/12/19/a3f241f5bcb2b92bcaf89b09f03fd8c0_4818484479024073935.png,,2024/12/19 16:02
bo_hai_yin_hang.png,https://fastcdn.mihoyo.com/static-resource-v2/2024/12/19/5a53b6b60a3022eb94856d600b1f609f_193557456321391398.png,,2024/12/19 16:02
bei_jing_yin_hang.png,https://fastcdn.mihoyo.com/static-resource-v2/2024/12/19/efb48ff15fc688649c297861337e9aaa_2468267982783393715.png,,2024/12/19 16:02
bei_jing_nong_cun_shang_ye_yin_hang.png,https://fastcdn.mihoyo.com/static-resource-v2/2024/12/19/e0dec597c707541f896143ee85d59ea6_3172617445092790650.png,,2024/12/19 16:02
bao_ding_yin_hang.png,https://fastcdn.mihoyo.com/static-resource-v2/2024/12/19/a15180d8564ad077697bbcd1c939a291_273364262189063913.png,,2024/12/19 16:02
an_shan_yin_hang.png,https://fastcdn.mihoyo.com/static-resource-v2/2024/12/19/c413f4722b4367640b98144e3d69a1b5_7307201237216684587.png,,2024/12/19 16:01
